City ID,City,Country,Date,Lat,Lng,Max Temp,Humidity,Cloudiness,Wind Speed
0,Hilo,US,2022-04-09 04:32:11,19.7297,-155.09,72.25,83,{'all': 100},5.75
1,Mataura,NZ,2022-04-09 04:30:40,-46.1927,168.8643,57.51,71,{'all': 44},6.49
2,Vaini,TO,2022-04-09 04:32:11,-21.2,-175.2,84.36,79,{'all': 75},1.14
3,Rikitea,PF,2022-04-09 04:28:15,-23.1203,-134.9692,79.21,74,{'all': 6},16.87
4,Ikalamavony,MG,2022-04-09 04:32:12,-21.15,46.5833,69.73,77,{'all': 30},8.86
5,Norman Wells,CA,2022-04-09 04:32:12,65.282,-126.8329,33.84,47,{'all': 75},3.44
6,Beringovskiy,RU,2022-04-09 04:32:13,63.05,179.3167,13.06,85,{'all': 100},2.28
7,Asau,RO,2022-04-09 04:32:13,46.4333,26.4,47.32,90,{'all': 96},4.81
8,Poso,ID,2022-04-09 04:32:13,-1.3959,120.7524,87.69,61,{'all': 100},4.85
9,Vestmannaeyjar,IS,2022-04-09 04:32:14,63.4427,-20.2734,35.96,77,{'all': 100},17.25
10,Bethel,US,2022-04-09 04:29:37,41.3712,-73.414,48.65,74,{'all': 0},0.0
11,New Norfolk,AU,2022-04-09 04:32:14,-42.7826,147.0587,75.88,39,{'all': 23},1.99
12,Georgetown,MY,2022-04-09 04:27:17,5.4112,100.3354,85.95,76,{'all': 20},6.91
13,Albany,US,2022-04-09 04:27:49,42.6001,-73.9662,45.91,82,{'all': 85},2.1
14,Saskylakh,RU,2022-04-09 04:32:16,71.9167,114.0833,12.29,90,{'all': 72},3.78
15,Chokurdakh,RU,2022-04-09 04:32:17,70.6333,147.9167,-8.91,91,{'all': 7},7.63
16,Ushuaia,AR,2022-04-09 04:28:39,-54.8,-68.3,38.86,87,{'all': 0},4.61
17,Umm Lajj,SA,2022-04-09 04:32:17,25.0213,37.2685,78.84,59,{'all': 41},0.34
18,Gizo,SB,2022-04-09 04:32:18,-8.103,156.8419,84.54,70,{'all': 100},4.97
19,Nanortalik,GL,2022-04-09 04:32:18,60.1432,-45.2371,25.99,87,{'all': 42},6.33
20,Beloha,MG,2022-04-09 04:32:19,-25.1667,45.05,77.4,73,{'all': 41},15.5
21,Ponta Delgada,PT,2022-04-09 04:32:19,37.7333,-25.6667,59.72,94,{'all': 75},24.16
22,Northport,US,2022-04-09 04:32:20,33.229,-87.5772,44.42,75,{'all': 20},0.0
23,Bredasdorp,ZA,2022-04-09 04:23:41,-34.5322,20.0403,58.01,80,{'all': 32},15.84
24,Solnechnyy,RU,2022-04-09 04:32:20,50.7214,136.6319,32.11,78,{'all': 99},5.39
25,Bulgan,MN,2022-04-09 04:32:21,48.8125,103.5347,54.41,28,{'all': 36},32.32
26,Bluff,NZ,2022-04-09 04:32:21,-46.6,168.3333,57.67,73,{'all': 80},21.92
27,Busselton,AU,2022-04-09 04:23:41,-33.65,115.3333,63.64,43,{'all': 63},9.75
28,Udachnyy,RU,2022-04-09 04:32:22,66.4167,112.4,22.3,82,{'all': 82},6.17
29,Atuona,PF,2022-04-09 04:32:22,-9.8,-139.0333,79.75,79,{'all': 37},18.39
30,Iqaluit,CA,2022-04-09 04:32:23,63.7506,-68.5145,-3.39,95,{'all': 42},3.33
31,Ixtapa,MX,2022-04-09 04:32:23,20.7,-105.2,73.22,83,{'all': 40},0.0
32,Saldanha,ZA,2022-04-09 04:32:23,-33.0117,17.9442,60.85,67,{'all': 0},15.08
33,Port Hardy,CA,2022-04-09 04:30:46,50.6996,-127.4199,44.6,81,{'all': 75},5.75
34,Punta Arenas,CL,2022-04-09 04:32:19,-53.15,-70.9167,41.11,87,{'all': 20},6.91
35,Luanda,AO,2022-04-09 04:32:24,-8.8368,13.2343,78.8,89,{'all': 75},6.91
36,Aksu,CN,2022-04-09 04:32:25,41.1231,80.2644,75.42,14,{'all': 60},1.21
37,Hithadhoo,MV,2022-04-09 04:23:43,-0.6,73.0833,83.34,68,{'all': 89},7.61
38,Carnarvon,AU,2022-04-09 04:32:26,-24.8667,113.6333,80.67,57,{'all': 44},19.57
39,Khatanga,RU,2022-04-09 04:32:26,71.9667,102.5,17.35,90,{'all': 63},5.21
40,Hailar,CN,2022-04-09 04:32:27,49.2,119.7,52.72,21,{'all': 51},9.98
41,Cullman,US,2022-04-09 04:30:08,34.1748,-86.8436,43.45,61,{'all': 100},4.61
42,Margate,GB,2022-04-09 04:32:27,51.3813,1.3862,38.7,82,{'all': 72},3.0
43,Iroquois Falls,CA,2022-04-09 04:33:28,48.7669,-80.6831,30.11,96,{'all': 100},5.61
44,Okhotsk,RU,2022-04-09 04:23:40,59.3833,143.3,26.37,82,{'all': 62},2.59
45,Chuy,UY,2022-04-09 04:33:28,-33.6971,-53.4616,63.41,94,{'all': 2},4.07
46,Sopelana,ES,2022-04-09 04:33:29,43.3789,-2.9831,54.81,81,{'all': 75},2.3
47,Bathsheba,BB,2022-04-09 04:33:29,13.2167,-59.5167,75.81,83,{'all': 75},25.32
48,Kattivakkam,IN,2022-04-09 04:33:29,13.2167,80.3167,88.07,80,{'all': 93},9.53
49,Anqing,CN,2022-04-09 04:33:30,30.5092,117.0506,83.26,29,{'all': 52},12.28
50,Kapaa,US,2022-04-09 04:23:44,22.0752,-159.319,76.98,83,{'all': 20},16.11
51,Ukiah,US,2022-04-09 04:33:30,39.1502,-123.2078,57.09,55,{'all': 0},6.91
52,Zhangye,CN,2022-04-09 04:33:31,38.9342,100.4517,74.79,7,{'all': 3},3.58
53,Jamestown,US,2022-04-09 04:30:34,42.097,-79.2353,39.72,77,{'all': 100},5.75
54,Hambantota,LK,2022-04-09 04:33:32,6.1241,81.1185,84.54,84,{'all': 20},4.61
55,Alofi,NU,2022-04-09 04:33:32,-19.0595,-169.9187,84.09,74,{'all': 14},6.91
56,Naze,JP,2022-04-09 04:33:32,28.3667,129.4833,70.72,63,{'all': 0},9.98
57,Constitucion,CL,2022-04-09 04:33:33,-35.3333,-72.4167,51.75,90,{'all': 13},6.13
58,Hobart,AU,2022-04-09 04:33:33,-42.8794,147.3294,76.23,48,{'all': 40},13.8
59,Arraial Do Cabo,BR,2022-04-09 04:33:34,-22.9661,-42.0278,75.29,87,{'all': 88},15.3
60,Cape Town,ZA,2022-04-09 04:27:05,-33.9258,18.4232,59.92,72,{'all': 0},7.0
61,Cabo San Lucas,MX,2022-04-09 04:29:15,22.8909,-109.9124,75.51,44,{'all': 15},9.35
62,Kahului,US,2022-04-09 04:33:13,20.8947,-156.47,77.02,65,{'all': 75},16.11
63,High Level,CA,2022-04-09 04:30:07,58.5169,-117.136,33.91,93,{'all': 100},13.8
64,Souillac,MU,2022-04-09 04:30:41,-20.5167,57.5167,77.38,88,{'all': 40},8.05
65,Mar Del Plata,AR,2022-04-09 04:33:05,-38.0023,-57.5575,62.1,94,{'all': 35},3.0
66,Suleja,NG,2022-04-09 04:33:18,9.1758,7.1808,70.79,77,{'all': 100},2.93
67,Airai,TL,2022-04-09 04:33:36,-8.9266,125.4092,76.5,43,{'all': 42},4.43
68,Araouane,ML,2022-04-09 04:33:36,18.9048,-3.5265,79.0,13,{'all': 25},14.18
69,Severo-Kurilsk,RU,2022-04-09 04:33:37,50.6789,156.125,33.21,76,{'all': 86},10.87
70,Hermanus,ZA,2022-04-09 04:27:20,-34.4187,19.2345,58.8,79,{'all': 21},22.08
71,Katsuura,JP,2022-04-09 04:33:37,35.1333,140.3,65.1,65,{'all': 27},20.27
72,Praia Da Vitoria,PT,2022-04-09 04:33:38,38.7333,-27.0667,59.76,94,{'all': 40},24.58
73,Geraldton,AU,2022-04-09 04:33:38,-28.7667,114.6,75.61,43,{'all': 100},11.5
74,Castro,BR,2022-04-09 04:33:39,-24.7911,-50.0119,62.13,94,{'all': 96},1.88
75,Maldonado,UY,2022-04-09 04:33:39,-34.6667,-54.9167,65.59,94,{'all': 0},5.17
76,Thompson,CA,2022-04-09 04:30:45,55.7435,-97.8558,35.76,41,{'all': 75},3.44
77,Ambilobe,MG,2022-04-09 04:33:40,-13.2,49.05,78.82,84,{'all': 31},2.91
78,Talcahuano,CL,2022-04-09 04:33:40,-36.7167,-73.1167,55.08,88,{'all': 100},5.75
79,Avarua,CK,2022-04-09 04:33:41,-21.2078,-159.775,82.45,83,{'all': 40},13.8
80,Puerto Ayora,EC,2022-04-09 04:30:39,-0.7393,-90.3518,77.36,88,{'all': 76},2.98
81,Belaya Gora,RU,2022-04-09 04:33:41,68.5333,146.4167,2.93,77,{'all': 94},11.32
82,Marsh Harbour,BS,2022-04-09 04:33:42,26.5412,-77.0636,72.77,58,{'all': 97},6.35
83,Clyde River,CA,2022-04-09 04:23:44,70.4692,-68.5914,-10.97,77,{'all': 0},4.61
84,Kampala,UG,2022-04-09 04:30:55,0.3163,32.5822,70.99,84,{'all': 77},2.04
85,Merauke,ID,2022-04-09 04:33:42,-8.4667,140.3333,86.68,66,{'all': 66},14.36
86,Imeni Poliny Osipenko,RU,2022-04-09 04:33:43,52.4201,136.4853,30.34,86,{'all': 98},4.43
87,Krasnaya Gora,RU,2022-04-09 04:33:43,52.9995,31.6023,40.06,90,{'all': 74},6.26
88,Bonfim,BR,2022-04-09 04:33:44,3.0833,-59.95,76.08,86,{'all': 99},8.52
89,La Sarre,CA,2022-04-09 04:33:44,48.8002,-79.1996,32.59,98,{'all': 98},4.09
90,San Quintin,MX,2022-04-09 04:33:45,30.4833,-115.95,67.91,53,{'all': 70},2.13
91,Ancud,CL,2022-04-09 04:34:45,-41.8697,-73.8203,51.22,86,{'all': 65},5.79
92,Leningradskiy,RU,2022-04-09 04:34:46,69.3833,178.4167,-5.19,88,{'all': 93},3.27
93,Tiksi,RU,2022-04-09 04:34:46,71.6872,128.8694,0.03,92,{'all': 100},6.11
94,Nizwa,OM,2022-04-09 04:34:47,22.9333,57.5333,91.58,13,{'all': 93},3.87
95,Mujiayingzi,CN,2022-04-09 04:34:47,42.1167,118.7833,66.97,15,{'all': 87},11.52
96,Tuatapere,NZ,2022-04-09 04:34:47,-46.1333,167.6833,58.62,71,{'all': 26},8.3
97,Kushmurun,KZ,2022-04-09 04:34:48,52.4503,64.6311,46.18,66,{'all': 99},3.91
98,Aripuana,BR,2022-04-09 04:34:48,-9.1667,-60.6333,73.06,98,{'all': 96},0.58
99,Kruisfontein,ZA,2022-04-09 04:34:49,-34.0033,24.7314,57.88,87,{'all': 94},7.43
100,Mount Pleasant,US,2022-04-09 04:34:49,32.7941,-79.8626,62.58,50,{'all': 100},9.22
101,Yellowknife,CA,2022-04-09 04:30:08,62.456,-114.3525,34.41,91,{'all': 75},16.11
102,Hami,CN,2022-04-09 04:30:33,42.8,93.45,71.89,22,{'all': 99},2.95
103,Dalvik,IS,2022-04-09 04:34:50,65.9702,-18.5286,22.93,86,{'all': 93},4.7
104,Port Alfred,ZA,2022-04-09 04:34:51,-33.5906,26.891,57.18,96,{'all': 95},12.08
105,Agadez,NE,2022-04-09 04:34:51,19.75,10.25,79.23,8,{'all': 1},10.4
106,Yangambi,CD,2022-04-09 04:34:52,0.8102,24.4336,68.14,91,{'all': 72},0.56
107,Saint-Joseph,RE,2022-04-09 04:34:52,-21.3667,55.6167,79.21,80,{'all': 31},11.54
108,Aleksandrov Gay,RU,2022-04-09 04:34:52,50.147,48.5704,49.12,95,{'all': 100},9.57
109,Aragarcas,BR,2022-04-09 04:34:53,-15.8975,-52.2508,73.99,81,{'all': 5},2.44
110,Saint George,US,2022-04-09 04:34:53,37.1041,-113.5841,72.19,19,{'all': 0},4.61
111,Fortuna,US,2022-04-09 04:34:54,40.5982,-124.1573,49.93,80,{'all': 100},13.8
112,Oranjemund,NA,2022-04-09 04:34:54,-28.55,16.4333,65.79,45,{'all': 0},7.43
113,Port-Gentil,GA,2022-04-09 04:34:54,-0.7193,8.7815,80.1,81,{'all': 100},7.58
114,Tuktoyaktuk,CA,2022-04-09 04:34:55,69.4541,-133.0374,6.8,85,{'all': 40},20.71
115,Elizabeth City,US,2022-04-09 04:34:55,36.2946,-76.2511,57.97,83,{'all': 0},8.05
116,Cairns,AU,2022-04-09 04:34:56,-16.9167,145.7667,88.11,66,{'all': 75},6.91
117,La Ronge,CA,2022-04-09 04:30:46,55.1001,-105.2842,39.45,56,{'all': 100},18.41
118,Chifeng,CN,2022-04-09 04:34:56,42.2683,118.9636,67.15,15,{'all': 85},12.3
119,Mariinsk,RU,2022-04-09 04:34:57,56.2139,87.7472,36.99,69,{'all': 99},16.82
120,Dikson,RU,2022-04-09 04:34:57,73.5069,80.5464,9.88,88,{'all': 99},7.92
121,Faanui,PF,2022-04-09 04:34:58,-16.4833,-151.75,82.81,72,{'all': 91},17.36
122,Halifax,CA,2022-04-09 04:33:03,44.6453,-63.5724,44.53,97,{'all': 100},9.22
123,Tallahassee,US,2022-04-09 04:31:02,30.4383,-84.2807,58.84,48,{'all': 0},19.57
124,Sao Joao Da Barra,BR,2022-04-09 04:34:58,-21.6403,-41.0511,75.29,85,{'all': 8},7.61
125,Adrar,MR,2022-04-09 04:34:59,20.5022,-10.0711,68.18,14,{'all': 0},9.95
126,Diamantino,BR,2022-04-09 04:34:59,-14.4086,-56.4461,73.11,85,{'all': 32},3.8
127,Sokoto,NG,2022-04-09 04:35:00,13.0609,5.239,84.69,21,{'all': 13},7.2
128,Port Blair,IN,2022-04-09 04:33:16,11.6667,92.75,86.54,63,{'all': 11},6.76
129,Avera,US,2022-04-09 04:35:00,33.194,-82.5271,49.51,63,{'all': 67},9.64
130,Yarmouth,US,2022-04-09 04:35:01,41.7057,-70.2286,46.54,87,{'all': 0},3.44
131,Bambous Virieux,MU,2022-04-09 04:35:01,-20.3428,57.7575,81.21,88,{'all': 40},8.05
132,Ulaangom,MN,2022-04-09 04:35:01,49.9811,92.0667,46.24,35,{'all': 35},13.02
133,Pierre,US,2022-04-09 04:32:11,44.3683,-100.351,37.27,51,{'all': 0},8.01
134,Champerico,GT,2022-04-09 04:35:02,14.3,-91.9167,83.73,65,{'all': 95},0.04
135,Kaitangata,NZ,2022-04-09 04:35:03,-46.2817,169.8464,60.15,63,{'all': 23},9.13
136,Evensk,RU,2022-04-09 04:30:42,61.95,159.2333,22.01,77,{'all': 100},5.41
137,Barrow,US,2022-04-09 04:35:02,71.2906,-156.7887,1.42,71,{'all': 100},12.66
138,Puerto Quijarro,BO,2022-04-09 04:35:03,-17.7833,-57.7667,75.34,75,{'all': 24},1.1
139,Narsaq,GL,2022-04-09 04:35:04,60.9167,-46.05,32.22,78,{'all': 47},3.67
140,Lavrentiya,RU,2022-04-09 04:36:04,65.5833,-171.0,0.63,93,{'all': 99},5.37
141,Hervey Bay,AU,2022-04-09 04:36:05,-25.2986,152.8535,74.01,92,{'all': 94},5.01
142,Matamoros,MX,2022-04-09 04:36:05,25.5333,-103.25,73.51,18,{'all': 40},3.44
143,Saint-Philippe,RE,2022-04-09 04:30:35,-21.3585,55.7679,80.22,84,{'all': 57},10.83
144,Aldan,RU,2022-04-09 04:36:06,58.6031,125.3894,24.35,73,{'all': 100},7.14
145,Sur,OM,2022-04-09 04:36:06,22.5667,59.5289,92.89,33,{'all': 73},2.62
146,Save,BJ,2022-04-09 04:36:07,8.0425,2.486,77.22,86,{'all': 98},4.94
147,Namibe,AO,2022-04-09 04:36:07,-15.1961,12.1522,69.12,82,{'all': 3},3.6
148,Golden,US,2022-04-09 04:36:08,39.7555,-105.2211,53.89,31,{'all': 0},9.22
149,Nemuro,JP,2022-04-09 04:30:33,43.3236,145.575,39.79,85,{'all': 98},22.08
150,Flinders,AU,2022-04-09 04:35:41,-34.5833,150.8552,73.18,85,{'all': 67},1.99
151,Sept-Iles,CA,2022-04-09 04:33:14,50.2001,-66.3821,31.05,96,{'all': 100},25.32
152,The Valley,AI,2022-04-09 04:36:09,18.217,-63.0578,78.66,78,{'all': 75},13.8
153,Te Anau,NZ,2022-04-09 04:36:09,-45.4167,167.7167,61.41,55,{'all': 8},1.05
154,Iwanai,JP,2022-04-09 04:36:10,42.9744,140.5089,57.83,60,{'all': 28},10.6
155,Coihaique,CL,2022-04-09 04:36:10,-45.5752,-72.0662,40.95,100,{'all': 0},1.14
156,Butaritari,KI,2022-04-09 04:36:11,3.0707,172.7902,81.03,81,{'all': 78},13.8
157,Lorengau,PG,2022-04-09 04:36:11,-2.0226,147.2712,76.66,89,{'all': 100},3.44
158,Waipawa,NZ,2022-04-09 04:36:12,-41.4122,175.5153,54.93,69,{'all': 36},3.44
159,Amapa,BR,2022-04-09 04:36:12,1.0,-52.0,71.35,100,{'all': 100},1.05
160,Longyearbyen,SJ,2022-04-09 04:30:32,78.2186,15.6401,7.18,79,{'all': 84},5.82
161,Isangel,VU,2022-04-09 04:36:13,-19.55,169.2667,83.44,76,{'all': 100},10.74
162,Ketchikan,US,2022-04-09 04:36:13,55.3422,-131.6461,42.78,65,{'all': 75},6.91
163,Kavieng,PG,2022-04-09 04:36:14,-2.5744,150.7967,80.8,80,{'all': 96},10.11
164,Sam Chuk,TH,2022-04-09 04:36:14,14.7576,100.0899,98.89,24,{'all': 56},3.33
165,Yabrud,SY,2022-04-09 04:36:14,33.9674,36.6574,51.94,40,{'all': 0},2.35
166,Lokosovo,RU,2022-04-09 04:36:15,61.1333,74.8167,13.48,81,{'all': 28},7.72
167,Qaanaaq,GL,2022-04-09 04:30:27,77.484,-69.3632,-6.97,65,{'all': 0},7.4
168,Astaneh-Ye Ashrafiyeh,IR,2022-04-09 04:36:15,37.2596,49.9444,57.13,62,{'all': 100},4.05
169,Vila Do Maio,CV,2022-04-09 04:36:16,15.1333,-23.2167,75.99,78,{'all': 31},17.36
170,Saint Anthony,US,2022-04-09 04:36:16,45.0205,-93.218,37.92,46,{'all': 0},10.36
171,Los Llanos De Aridane,ES,2022-04-09 04:36:17,28.6585,-17.9182,58.75,88,{'all': 100},11.5
172,Fort Nelson,CA,2022-04-09 04:36:17,58.8053,-122.7002,38.79,45,{'all': 75},6.91
173,Humenne,SK,2022-04-09 04:36:18,48.9371,21.9163,52.29,86,{'all': 100},11.01
174,Tautira,PF,2022-04-09 04:36:18,-17.7333,-149.15,81.93,75,{'all': 100},18.28
175,Inhambane,MZ,2022-04-09 04:36:18,-23.865,35.3833,76.46,62,{'all': 100},16.49
176,Camacha,PT,2022-04-09 04:36:19,33.0833,-16.3333,53.02,82,{'all': 20},3.44
177,Sao Filipe,CV,2022-04-09 04:36:19,14.8961,-24.4956,75.22,64,{'all': 14},8.86
178,Roald,NO,2022-04-09 04:36:20,62.5833,6.1333,39.76,93,{'all': 75},19.57
179,Taoudenni,ML,2022-04-09 04:36:20,22.6783,-3.9836,74.8,12,{'all': 0},16.73
180,Dajal,PK,2022-04-09 04:36:21,29.5577,70.3762,105.62,6,{'all': 0},2.59
181,Hasaki,JP,2022-04-09 04:36:21,35.7333,140.8333,75.29,63,{'all': 6},24.4
182,Bambanglipuro,ID,2022-04-09 04:36:21,-7.95,110.2833,83.64,69,{'all': 69},7.99
183,Boyolangu,ID,2022-04-09 04:36:22,-8.1181,111.8935,84.29,68,{'all': 87},7.78
184,Jilib,SO,2022-04-09 04:36:22,0.4883,42.7854,83.25,64,{'all': 78},7.83
185,Lufilufi,WS,2022-04-09 04:36:23,-13.8745,-171.5986,89.38,74,{'all': 9},10.74
186,Coxim,BR,2022-04-09 04:36:23,-18.5067,-54.76,76.03,77,{'all': 44},2.66
187,Katete,UG,2022-04-09 04:37:24,-0.7818,29.7544,64.51,71,{'all': 100},2.26
188,Maunabo,PR,2022-04-09 04:37:24,18.0072,-65.8993,75.47,79,{'all': 65},12.64
189,Tessalit,ML,2022-04-09 04:37:24,20.1986,1.0114,76.95,14,{'all': 5},10.98
190,Havoysund,NO,2022-04-09 04:37:25,70.9963,24.6622,34.03,98,{'all': 100},33.31
191,El Monte,US,2022-04-09 04:36:50,34.0686,-118.0276,85.95,24,{'all': 19},0.96
192,Boende,CD,2022-04-09 04:28:18,-0.2167,20.8667,66.24,93,{'all': 81},1.59
193,Nome,US,2022-04-09 04:37:26,64.5011,-165.4064,15.87,79,{'all': 75},0.0
194,Alexandria,EG,2022-04-09 04:35:12,31.2156,29.9553,58.96,88,{'all': 40},4.61
195,Ambanja,MG,2022-04-09 04:37:26,-13.6833,48.45,75.13,78,{'all': 66},1.97
196,Fairlie,GB,2022-04-09 04:37:27,55.756,-4.8556,37.31,81,{'all': 88},12.35
197,Bull Savanna,JM,2022-04-09 04:37:27,17.8868,-77.5902,72.79,86,{'all': 80},4.72
198,Nuuk,GL,2022-04-09 04:35:30,64.1835,-51.7216,21.81,79,{'all': 100},14.97
199,Port Elizabeth,ZA,2022-04-09 04:37:28,-33.918,25.5701,60.1,99,{'all': 40},2.3
200,Lata,PT,2022-04-09 04:37:29,40.1629,-8.3327,56.91,99,{'all': 100},2.71
201,Grindavik,IS,2022-04-09 04:37:29,63.8424,-22.4338,30.67,69,{'all': 0},8.05
202,Knin,HR,2022-04-09 04:37:29,44.0439,16.2,57.13,89,{'all': 32},15.19
203,Vanimo,PG,2022-04-09 04:37:30,-2.6741,141.3028,86.9,64,{'all': 96},6.67
204,Carballo,ES,2022-04-09 04:37:31,43.213,-8.691,49.42,93,{'all': 93},3.65
205,Opalyi,HU,2022-04-09 04:37:32,47.9977,22.3262,51.42,93,{'all': 100},10.58
206,Wajima,JP,2022-04-09 04:37:32,37.4,136.9,72.28,28,{'all': 0},23.02
207,Lebu,CL,2022-04-09 04:30:34,-37.6167,-73.65,51.96,89,{'all': 34},3.6
208,Yulara,AU,2022-04-09 04:37:33,-25.2406,130.9889,85.84,13,{'all': 0},4.61
209,Salalah,OM,2022-04-09 04:37:33,17.0151,54.0924,80.69,78,{'all': 0},1.14
210,Tukrah,LY,2022-04-09 04:37:34,32.5341,20.5791,57.34,72,{'all': 11},0.83
211,Bengkulu,ID,2022-04-09 04:37:34,-3.8004,102.2655,84.09,65,{'all': 65},6.58
212,Pasighat,IN,2022-04-09 04:33:45,28.0667,95.3333,79.03,58,{'all': 100},4.03
213,Yar-Sale,RU,2022-04-09 04:33:14,66.8333,70.8333,-0.53,92,{'all': 92},7.85
214,Abha,SA,2022-04-09 04:37:35,18.2164,42.5053,58.82,51,{'all': 0},0.0
215,Hamilton,US,2022-04-09 04:33:39,39.1834,-84.5333,39.88,83,{'all': 100},12.66
216,Nyrob,RU,2022-04-09 04:37:36,60.733,56.7202,33.03,100,{'all': 100},5.93
217,Kutum,SD,2022-04-09 04:37:36,14.2,24.6667,74.19,18,{'all': 2},2.21
218,Danielskuil,ZA,2022-04-09 04:37:36,-28.1887,23.5395,51.51,81,{'all': 66},9.01
219,Bilma,NE,2022-04-09 04:37:37,18.6853,12.9164,79.9,10,{'all': 4},9.44
220,Altay,CN,2022-04-09 04:37:37,47.8667,88.1167,44.71,70,{'all': 18},3.76
221,Vila Velha,BR,2022-04-09 04:35:26,-20.3297,-40.2925,75.15,89,{'all': 40},2.3
222,Berlevag,NO,2022-04-09 04:37:38,70.8578,29.0864,33.6,99,{'all': 100},33.15
223,Tasiilaq,GL,2022-04-09 04:37:38,65.6145,-37.6368,19.56,96,{'all': 100},2.84
224,Vila Franca Do Campo,PT,2022-04-09 04:37:39,37.7167,-25.4333,59.41,89,{'all': 96},19.35
225,Laguna,US,2022-04-09 04:37:39,38.421,-121.4238,75.49,57,{'all': 0},8.05
226,Castle Rock,US,2022-04-09 04:37:40,39.3722,-104.8561,51.48,26,{'all': 1},4.0
227,Lompoc,US,2022-04-09 04:35:34,34.6391,-120.4579,60.94,85,{'all': 0},3.44
228,Zhaotong,CN,2022-04-09 04:37:40,27.3167,103.7167,51.49,89,{'all': 100},2.55
229,Torbay,CA,2022-04-09 04:30:29,47.6666,-52.7314,30.27,90,{'all': 100},3.44
230,Warmbad,NA,2022-04-09 04:37:41,-28.45,18.7333,62.51,34,{'all': 17},10.04
231,Bedele,ET,2022-04-09 04:37:41,8.456,36.353,66.94,49,{'all': 28},2.01
232,Scottsbluff,US,2022-04-09 04:36:15,41.8666,-103.6672,50.77,29,{'all': 0},9.22
233,Bitung,ID,2022-04-09 04:38:42,1.4451,125.1824,90.45,76,{'all': 78},6.35
234,Armizonskoye,RU,2022-04-09 04:38:42,55.9461,67.6736,36.86,78,{'all': 62},3.67
235,Pozo Colorado,PY,2022-04-09 04:38:43,-23.4923,-58.7972,70.11,99,{'all': 100},5.01
236,Aswan,EG,2022-04-09 04:38:43,24.0934,32.907,81.7,22,{'all': 0},5.75
237,Ostrovnoy,RU,2022-04-09 04:38:44,68.0531,39.5131,33.6,97,{'all': 100},19.28
238,Pingliang,CN,2022-04-09 04:38:44,35.5392,106.6861,77.09,9,{'all': 0},3.85
239,Lancaster,US,2022-04-09 04:33:53,40.2504,-76.2499,45.9,89,{'all': 100},4.61
240,Amot,NO,2022-04-09 04:38:45,59.5714,7.9877,20.25,82,{'all': 83},6.6
241,Nefteyugansk,RU,2022-04-09 04:38:45,61.0998,72.6035,12.7,87,{'all': 42},5.95
242,Cayenne,GF,2022-04-09 04:38:46,4.9333,-52.3333,79.09,1,{'all': 75},5.01
243,Cockburn Town,TC,2022-04-09 04:38:46,21.4612,-71.1419,78.19,80,{'all': 99},21.0
244,Saint-Augustin,CA,2022-04-09 04:38:47,51.226,-58.6502,29.91,94,{'all': 100},13.29
245,Vila,PT,2022-04-09 04:38:47,42.0304,-8.1588,38.28,94,{'all': 95},3.0
246,Hauterive,FR,2022-04-09 04:38:47,46.0901,3.4459,38.16,86,{'all': 99},2.28
247,Provideniya,RU,2022-04-09 04:38:48,64.3833,-173.3,6.98,91,{'all': 93},6.98
248,Taltal,CL,2022-04-09 04:38:48,-25.4,-70.4833,62.78,75,{'all': 2},0.47
249,Goderich,CA,2022-04-09 04:38:49,43.7501,-81.7165,35.92,93,{'all': 100},8.05
250,Tahlequah,US,2022-04-09 04:38:49,35.9154,-94.97,43.88,80,{'all': 0},0.0
251,Fairbanks,US,2022-04-09 04:38:32,64.8378,-147.7164,14.22,50,{'all': 75},14.97
252,Ende,ID,2022-04-09 04:38:50,-8.8432,121.6623,87.58,60,{'all': 48},4.83
253,Mayo,US,2022-04-09 04:38:50,38.8876,-76.5119,50.99,85,{'all': 100},11.5
254,Tlacotepec,MX,2022-04-09 04:38:51,20.0667,-97.8667,50.77,80,{'all': 89},2.3
255,Jingdezhen,CN,2022-04-09 04:38:51,29.2947,117.2079,81.48,33,{'all': 1},5.12
256,Breves,BR,2022-04-09 04:38:52,-1.6822,-50.4803,72.93,99,{'all': 100},2.21
257,Huilong,CN,2022-04-09 04:38:52,31.8111,121.655,69.17,53,{'all': 18},13.58
258,Borovoy,RU,2022-04-09 04:38:52,55.4333,86.0833,33.08,80,{'all': 75},17.9
259,Nurota,UZ,2022-04-09 04:38:53,40.5614,65.6886,77.81,29,{'all': 7},14.07
260,Itupiranga,BR,2022-04-09 04:38:53,-5.1347,-49.3267,77.32,97,{'all': 100},2.3
261,San Francisco De Ojuera,HN,2022-04-09 04:38:54,14.7499,-88.1918,70.48,94,{'all': 100},3.13
262,Awbari,LY,2022-04-09 04:38:54,26.5921,12.7805,67.68,26,{'all': 66},11.74
263,Celestun,MX,2022-04-09 04:38:55,20.8667,-90.4,72.23,55,{'all': 67},15.39
264,Esperance,AU,2022-04-09 04:30:39,-33.8667,121.9,62.44,63,{'all': 79},17.25
265,Oktyabrskiy,RU,2022-04-09 04:38:55,54.4815,53.471,42.73,82,{'all': 100},6.4
266,Komsomolskiy,UZ,2022-04-09 04:38:56,40.4272,71.7189,75.92,29,{'all': 100},6.91
267,Kajaani,FI,2022-04-09 04:38:56,64.2273,27.7285,33.85,93,{'all': 100},10.36
268,Jiuquan,CN,2022-04-09 04:38:56,39.7432,98.5174,74.43,6,{'all': 34},12.12
269,Skjervoy,NO,2022-04-09 04:38:57,70.0311,20.9714,32.0,77,{'all': 100},16.26
270,Ilulissat,GL,2022-04-09 04:36:33,69.2167,-51.1,12.22,79,{'all': 40},9.22
271,East London,ZA,2022-04-09 04:38:57,-33.0153,27.9116,58.14,100,{'all': 75},4.61
272,Porto Novo,BJ,2022-04-09 04:38:58,6.4965,2.6036,80.42,84,{'all': 100},8.03
273,Kizhinga,RU,2022-04-09 04:38:58,51.8462,109.9097,38.3,90,{'all': 100},5.26
274,Rawson,AR,2022-04-09 04:38:59,-43.3002,-65.1023,58.24,84,{'all': 26},17.11
275,Meadow Lake,US,2022-04-09 04:38:59,34.8014,-106.5436,56.91,12,{'all': 0},7.56
276,Sao Felix Do Xingu,BR,2022-04-09 04:39:00,-6.6447,-51.995,70.77,99,{'all': 82},0.83
277,Sitka,US,2022-04-09 04:39:00,57.0531,-135.33,39.09,70,{'all': 75},13.8
278,Mahebourg,MU,2022-04-09 04:40:01,-20.4081,57.7,81.25,88,{'all': 40},8.05
279,Salta,AR,2022-04-09 04:40:01,-24.7859,-65.4117,66.79,78,{'all': 75},6.91
280,Labuhan,ID,2022-04-09 04:40:02,-6.8844,112.2051,86.77,63,{'all': 78},4.7
281,Egvekinot,RU,2022-04-09 04:40:02,66.3167,-179.1667,-7.51,96,{'all': 96},0.4
282,Sobolevo,RU,2022-04-09 04:40:03,54.4299,31.8996,37.22,94,{'all': 88},5.73
283,Husavik,IS,2022-04-09 04:40:03,66.0449,-17.3389,19.13,85,{'all': 37},6.69
284,Aksay,RU,2022-04-09 04:40:04,47.26,39.87,52.25,83,{'all': 77},11.99
285,Makat,KZ,2022-04-09 04:40:04,47.6469,53.3463,58.62,47,{'all': 41},15.41
286,Arlit,NE,2022-04-09 04:40:05,18.7369,7.3853,81.34,7,{'all': 0},6.62
287,Poum,NC,2022-04-09 04:40:05,-20.2333,164.0167,81.48,78,{'all': 96},11.77
288,Shestakovo,RU,2022-04-09 04:40:06,56.4915,103.96,38.05,63,{'all': 100},3.36
289,Praia,CV,2022-04-09 04:30:37,14.9215,-23.5087,75.74,43,{'all': 0},16.11
290,Thanh Hoa,VN,2022-04-09 04:40:07,19.8,105.7667,84.33,37,{'all': 3},8.14
291,Ocos,GT,2022-04-09 04:40:07,14.5094,-92.1933,83.16,66,{'all': 80},2.17
292,Bonavista,CA,2022-04-09 04:40:07,48.6499,-53.1147,31.57,85,{'all': 78},4.65
293,Dingle,PH,2022-04-09 04:40:08,10.9995,122.6711,82.15,71,{'all': 100},5.19
294,Pine Bluff,US,2022-04-09 04:36:12,34.2284,-92.0032,40.95,79,{'all': 0},3.44
295,Kamojima,JP,2022-04-09 04:40:09,34.0667,134.35,73.62,48,{'all': 0},5.35
296,Daru,PG,2022-04-09 04:40:09,-9.0763,143.2092,84.96,65,{'all': 34},7.7
297,Kodiak,US,2022-04-09 04:30:32,57.79,-152.4072,29.71,47,{'all': 75},13.8
298,Ola,RU,2022-04-09 04:40:10,59.5833,151.2833,32.14,78,{'all': 84},6.46
299,Vieux Fort,LC,2022-04-09 04:40:10,13.7167,-60.95,78.12,78,{'all': 20},23.02
300,Togur,RU,2022-04-09 04:40:11,58.3631,82.8265,29.37,88,{'all': 100},15.99
301,Novyy Urgal,RU,2022-04-09 04:40:11,51.0736,132.5642,31.26,90,{'all': 98},2.1
302,Juneau,US,2022-04-09 04:40:12,58.3019,-134.4197,37.4,100,{'all': 75},3.44
303,Chake Chake,TZ,2022-04-09 04:40:12,-5.2459,39.7666,83.53,66,{'all': 9},3.58
304,Ayan,RU,2022-04-09 04:40:13,56.45,138.1667,25.88,83,{'all': 62},3.22
305,Chimbote,PE,2022-04-09 04:40:13,-9.0853,-78.5783,67.62,85,{'all': 98},5.99
306,Vanavara,RU,2022-04-09 04:40:13,60.34,102.2797,32.2,74,{'all': 67},4.59
307,Saint Stephen,GB,2022-04-09 04:40:14,50.3333,-4.9,41.27,75,{'all': 20},3.44
308,Cherskiy,RU,2022-04-09 04:40:14,68.75,161.3,-4.38,86,{'all': 47},7.85
309,Palana,RU,2022-04-09 04:40:15,59.1167,159.9667,24.4,93,{'all': 100},12.39
310,Olafsvik,IS,2022-04-09 04:40:15,64.8945,-23.7142,33.15,65,{'all': 100},16.22
311,Baruun-Urt,MN,2022-04-09 04:40:15,46.6806,113.2792,66.2,16,{'all': 98},27.4
312,Port Lincoln,AU,2022-04-09 04:36:11,-34.7333,135.8667,75.79,50,{'all': 0},6.67
313,Mirnyy,RU,2022-04-09 04:40:16,62.5353,113.9611,30.24,42,{'all': 100},15.99
314,Monte Alegre De Sergipe,BR,2022-04-09 04:40:17,-10.0272,-37.5622,70.59,97,{'all': 28},5.03
315,Ambon,ID,2022-04-09 04:40:17,-3.6954,128.1814,89.74,66,{'all': 40},4.61
316,Balykshi,KZ,2022-04-09 04:40:17,47.0667,51.8667,50.0,87,{'all': 75},6.71
317,Bafilo,TG,2022-04-09 04:40:18,9.35,1.2667,73.08,72,{'all': 88},4.27
318,Midland,US,2022-04-09 04:38:43,31.9974,-102.0779,61.47,17,{'all': 0},5.75
319,Dunmore East,IE,2022-04-09 04:40:18,52.1514,-6.9861,35.69,71,{'all': 8},8.46
320,Tabuk,PH,2022-04-09 04:40:19,17.4189,121.4443,85.35,63,{'all': 56},3.49
321,Neon Karlovasion,GR,2022-04-09 04:40:19,37.7903,26.7044,59.9,87,{'all': 1},11.52
322,Itoman,JP,2022-04-09 04:40:20,26.1247,127.6694,75.58,59,{'all': 20},13.8
323,Ambovombe,MG,2022-04-09 04:41:20,-25.1667,46.0833,77.02,76,{'all': 8},13.71
324,Clermont,FR,2022-04-09 04:40:19,49.5,2.4167,37.71,100,{'all': 100},3.67
325,Jennings,US,2022-04-09 04:41:21,38.7192,-90.2604,40.6,74,{'all': 100},11.99
326,Karratha,AU,2022-04-09 04:41:21,-20.7377,116.8463,95.9,29,{'all': 17},13.0
327,Karera,IN,2022-04-09 04:41:22,25.4667,78.15,103.75,6,{'all': 0},10.71
328,Parana,AR,2022-04-09 04:40:57,-31.732,-60.5238,66.54,98,{'all': 0},6.42
329,Kavaratti,IN,2022-04-09 04:41:22,10.5669,72.642,83.68,72,{'all': 100},8.9
330,Salinas,US,2022-04-09 04:41:03,36.6777,-121.6555,60.73,62,{'all': 0},11.5
331,Omboue,GA,2022-04-09 04:41:23,-1.5746,9.2618,77.61,89,{'all': 100},5.53
332,Tanete,ID,2022-04-09 04:41:23,-3.9443,119.7848,88.02,63,{'all': 50},3.27
333,San Prisco,IT,2022-04-09 04:41:24,41.0871,14.2782,57.4,88,{'all': 40},4.61
334,Kwinana,AU,2022-04-09 04:41:24,-32.25,115.7667,72.81,100,{'all': 54},14.18
335,Muisne,EC,2022-04-09 04:41:25,0.6,-80.0333,76.1,86,{'all': 100},2.57
336,Fantino,DO,2022-04-09 04:41:25,19.1215,-70.2997,76.51,92,{'all': 29},3.65
337,Alta Floresta,BR,2022-04-09 04:41:25,-9.8756,-56.0861,70.77,95,{'all': 35},2.39
338,Sar-E Pul,AF,2022-04-09 04:41:26,35.8333,66.1667,68.58,15,{'all': 4},0.56
339,Neuquen,AR,2022-04-09 04:40:21,-38.9516,-68.0591,66.09,72,{'all': 75},4.61
340,Nikolskoye,RU,2022-04-09 04:41:26,59.7035,30.7861,37.87,88,{'all': 63},9.73
341,Melbourne,US,2022-04-09 04:38:42,28.0836,-80.6081,64.96,76,{'all': 0},12.66
342,Ponta Do Sol,PT,2022-04-09 04:41:27,32.6667,-17.1,57.83,73,{'all': 41},4.36
343,Miraflores,MX,2022-04-09 04:41:28,19.2167,-98.8083,60.03,67,{'all': 100},1.9
344,Vohibinany,MG,2022-04-09 04:41:28,-17.35,49.0333,74.97,89,{'all': 78},3.27
345,Heyang,CN,2022-04-09 04:41:28,26.1011,107.473,63.32,73,{'all': 99},2.68
346,Mukhen,RU,2022-04-09 04:41:29,48.1,136.1,37.92,81,{'all': 100},4.79
347,Haines Junction,CA,2022-04-09 04:41:29,60.7522,-137.5108,33.75,69,{'all': 100},4.61
348,Sisimiut,GL,2022-04-09 04:41:30,66.9395,-53.6735,6.82,94,{'all': 61},4.92
349,Vyartsilya,RU,2022-04-09 04:41:30,62.1764,30.693,32.14,91,{'all': 100},6.91
350,Pangnirtung,CA,2022-04-09 04:41:30,66.1451,-65.7125,1.99,93,{'all': 95},6.15
351,Maple Creek,CA,2022-04-09 04:41:31,49.9168,-109.4848,57.25,44,{'all': 99},14.97
352,Ust-Kuyga,RU,2022-04-09 04:41:31,70.0167,135.6,9.05,83,{'all': 90},6.26
353,Alihe,CN,2022-04-09 04:41:32,50.5667,123.7167,48.54,36,{'all': 65},7.81
354,Spokane,US,2022-04-09 04:41:00,47.6166,-117.3677,45.01,41,{'all': 0},20.71
355,Samarai,PG,2022-04-09 04:41:32,-10.6167,150.6667,83.12,75,{'all': 100},20.2
356,Teguldet,RU,2022-04-09 04:41:33,57.3064,88.1667,32.86,98,{'all': 100},11.32
357,Marawi,PH,2022-04-09 04:41:33,7.9986,124.2928,68.72,98,{'all': 100},3.02
358,Kazachinskoye,RU,2022-04-09 04:41:34,57.6953,93.2761,35.82,88,{'all': 100},7.94
359,Victoria,HK,2022-04-09 04:41:34,22.2855,114.1577,78.39,58,{'all': 0},8.99
360,Thinadhoo,MV,2022-04-09 04:41:35,0.5333,72.9333,83.71,66,{'all': 43},8.12
361,Lososina,RU,2022-04-09 04:41:35,48.9975,140.3106,35.2,86,{'all': 68},8.21
362,Tulun,RU,2022-04-09 04:41:35,54.5611,100.5792,39.76,74,{'all': 100},5.75
363,Lagoa,PT,2022-04-09 04:41:36,39.05,-27.9833,56.84,72,{'all': 42},36.46
364,Varhaug,NO,2022-04-09 04:41:36,58.6147,5.6457,37.47,78,{'all': 32},23.53
365,Shingu,JP,2022-04-09 04:40:37,33.7333,135.9833,70.95,44,{'all': 0},11.7
366,Baijiantan,CN,2022-04-09 04:41:37,45.6333,85.1833,61.86,33,{'all': 21},14.03
367,Mehamn,NO,2022-04-09 04:41:37,71.0357,27.8492,33.76,98,{'all': 100},34.02
368,Teguise,ES,2022-04-09 04:38:26,29.0605,-13.564,55.62,82,{'all': 0},9.22
369,San Ramon,US,2022-04-09 04:41:15,37.7799,-121.978,63.9,70,{'all': 0},8.05
370,Banda Aceh,ID,2022-04-09 04:42:39,5.5577,95.3222,85.19,68,{'all': 62},4.56
371,Kholmogory,RU,2022-04-09 04:42:39,64.2229,41.656,37.63,97,{'all': 100},12.06
372,Roros,NO,2022-04-09 04:42:39,62.5747,11.3842,24.64,88,{'all': 75},17.27
373,Luebo,CD,2022-04-09 04:42:40,-5.35,21.4167,69.04,98,{'all': 100},0.47
374,Choma,ZM,2022-04-09 04:42:40,-16.8065,26.9531,60.78,92,{'all': 99},7.99
375,Deputatskiy,RU,2022-04-09 04:42:28,69.3,139.9,-0.06,89,{'all': 100},5.28
376,Birecik,TR,2022-04-09 04:42:41,37.0294,37.9903,56.41,61,{'all': 0},7.38
377,San Jeronimo,PE,2022-04-09 04:42:41,-11.9472,-75.2829,49.32,83,{'all': 89},0.11
378,Pacanga,PE,2022-04-09 04:42:42,-7.1667,-79.5,71.28,71,{'all': 99},6.35
379,Madimba,TZ,2022-04-09 04:42:42,-10.4,40.3333,77.74,86,{'all': 20},6.96
380,Hobyo,SO,2022-04-09 04:42:43,5.3505,48.5268,83.73,71,{'all': 64},11.18
381,Filingue,NE,2022-04-09 04:42:43,14.3521,3.3168,85.42,19,{'all': 53},8.7
382,Ciempozuelos,ES,2022-04-09 04:42:43,40.1591,-3.621,55.18,90,{'all': 93},9.46
383,Alekseyevka,RU,2022-04-09 04:42:44,50.6309,38.6903,47.37,79,{'all': 56},10.25
384,Fairborn,US,2022-04-09 04:39:29,39.8209,-84.0194,39.11,86,{'all': 75},10.36
385,Zhukovskiy,RU,2022-04-09 04:42:44,55.5953,38.1203,41.7,81,{'all': 95},7.0
386,La Rioja,ES,2022-04-09 04:42:45,42.25,-2.5,42.58,97,{'all': 100},3.58
387,Talnakh,RU,2022-04-09 04:42:45,69.4865,88.3972,-0.8,91,{'all': 94},4.34
388,Robore,BO,2022-04-09 04:42:46,-18.3333,-59.75,76.73,68,{'all': 56},3.65
389,Ribeira Grande,PT,2022-04-09 04:42:46,38.5167,-28.7,57.56,68,{'all': 21},35.54
390,Xiongzhou,CN,2022-04-09 04:42:47,25.1167,114.3,84.43,31,{'all': 0},2.39
391,Santiago,CL,2022-04-09 04:42:47,-33.4569,-70.6483,65.86,56,{'all': 0},8.05
392,Mangrol,IN,2022-04-09 04:42:47,21.1167,70.1167,89.67,44,{'all': 2},11.43
393,Japura,ID,2022-04-09 04:42:48,-0.3167,102.35,86.97,62,{'all': 100},4.81
394,Port Arthur,CN,2022-04-09 04:42:48,38.8,121.2667,59.22,80,{'all': 9},14.72
395,Jackson,US,2022-04-09 04:42:49,42.4165,-122.8345,48.07,59,{'all': 0},4.61
396,Terra Santa,BR,2022-04-09 04:42:49,-2.1042,-56.4869,73.9,98,{'all': 100},3.33
397,Dehloran,IR,2022-04-09 04:42:49,32.6941,47.2679,84.0,17,{'all': 64},8.16
398,Mackay,AU,2022-04-09 04:42:50,-21.15,149.2,80.69,78,{'all': 75},17.27
399,Basco,PH,2022-04-09 04:42:50,20.4487,121.9702,77.32,82,{'all': 82},20.51
400,Balkhash,KZ,2022-04-09 04:42:51,46.844,74.9804,54.21,47,{'all': 0},17.9
401,Abonnema,NG,2022-04-09 04:42:51,4.7084,6.7931,73.69,86,{'all': 100},6.24
402,Christchurch,NZ,2022-04-09 04:42:51,-43.5333,172.6333,64.6,64,{'all': 1},9.22
403,North Battleford,CA,2022-04-09 04:42:52,52.7834,-108.2847,60.89,36,{'all': 20},20.71
404,Lavumisa,SZ,2022-04-09 04:42:52,-27.31,31.892,63.18,97,{'all': 100},3.56
405,Corumba,BR,2022-04-09 04:42:53,-19.0092,-57.6533,80.04,55,{'all': 65},0.4
406,San Cristobal,VE,2022-04-09 04:42:53,7.7669,-72.225,69.98,84,{'all': 94},2.04
407,Tias,ES,2022-04-09 04:42:54,28.9611,-13.645,56.88,82,{'all': 0},8.05
408,Sestri Levante,IT,2022-04-09 04:42:54,44.2732,9.3968,58.84,85,{'all': 100},5.01
409,Burnie,AU,2022-04-09 04:42:54,-41.0667,145.9167,68.92,91,{'all': 87},12.28
410,Port Hedland,AU,2022-04-09 04:42:55,-20.3167,118.5667,104.05,16,{'all': 16},9.22
411,Uige,AO,2022-04-09 04:42:55,-7.6087,15.0613,66.69,99,{'all': 100},2.73
412,Nioro,GM,2022-04-09 04:42:56,13.35,-15.75,78.84,37,{'all': 26},2.77
413,Iracoubo,GF,2022-04-09 04:42:56,5.4802,-53.2011,76.69,89,{'all': 100},9.37
414,Isabela,PH,2022-04-09 04:42:56,6.7085,121.9711,82.45,82,{'all': 99},13.62
415,Teknaf,BD,2022-04-09 04:42:57,20.8624,92.3058,87.6,55,{'all': 33},6.42
416,Pochutla,MX,2022-04-09 04:42:57,15.7432,-96.4661,77.83,73,{'all': 100},2.44
417,Strezhevoy,RU,2022-04-09 04:42:58,60.7333,77.5889,16.02,81,{'all': 59},9.28
418,Jalingo,NG,2022-04-09 04:43:58,8.8833,11.3667,78.48,69,{'all': 97},4.9
419,Beyneu,KZ,2022-04-09 04:43:58,45.3167,55.2,62.46,47,{'all': 43},4.45
420,San Carlos Del Zulia,VE,2022-04-09 04:43:59,9.0,-71.9135,74.64,94,{'all': 43},1.59
421,Vzmorye,RU,2022-04-09 04:43:59,54.6961,20.2361,35.69,85,{'all': 94},12.28
422,Creel,MX,2022-04-09 04:44:00,27.75,-107.6333,46.67,64,{'all': 93},4.36
423,Rocha,UY,2022-04-09 04:44:00,-34.4833,-54.3333,59.47,95,{'all': 0},3.8
424,Phuket,TH,2022-04-09 04:44:01,8.0,98.25,88.09,70,{'all': 20},5.75
425,Mapimi,MX,2022-04-09 04:44:01,25.8167,-103.85,62.33,26,{'all': 79},8.03
426,Mount Gambier,AU,2022-04-09 04:44:02,-37.8333,140.7667,75.11,46,{'all': 100},14.97
427,Rio Gallegos,AR,2022-04-09 04:41:31,-51.6226,-69.2181,46.45,100,{'all': 75},3.44
428,Oranjestad,AW,2022-04-09 04:44:02,12.524,-70.027,78.75,83,{'all': 20},19.57
429,Bilibino,RU,2022-04-09 04:44:03,68.0546,166.4372,-1.88,79,{'all': 13},2.33
430,Zyryanovsk,KZ,2022-04-09 04:44:03,49.7386,84.2719,34.38,96,{'all': 97},1.57
431,Zwedru,LR,2022-04-09 04:44:03,6.0667,-8.1281,73.99,98,{'all': 100},1.81
432,Kongolo,CD,2022-04-09 04:44:04,-5.3833,27.0,69.49,96,{'all': 84},1.05
433,Bouza,NE,2022-04-09 04:44:04,14.4229,6.0428,79.14,12,{'all': 32},1.23
434,Kondinskoye,RU,2022-04-09 04:44:05,59.6481,67.41,28.22,80,{'all': 66},3.62
435,Correntina,BR,2022-04-09 04:44:05,-13.3433,-44.6367,68.61,54,{'all': 2},1.32
436,Pauini,BR,2022-04-09 04:44:05,-7.7136,-66.9764,72.99,98,{'all': 91},1.61
437,Baykit,RU,2022-04-09 04:44:06,61.67,96.37,30.85,78,{'all': 94},3.36
438,Bara,NG,2022-04-09 04:44:06,10.3744,10.7288,78.51,65,{'all': 83},8.95
439,Impfondo,CG,2022-04-09 04:44:07,1.6381,18.0667,68.25,98,{'all': 97},0.6
440,Bonnyville,CA,2022-04-09 04:44:07,54.2668,-110.735,44.4,77,{'all': 95},16.17
441,General Pico,AR,2022-04-09 04:44:08,-35.6566,-63.7568,64.85,68,{'all': 7},10.16
442,Juelsminde,DK,2022-04-09 04:44:08,55.7088,10.0167,37.35,70,{'all': 6},21.9
443,Quelimane,MZ,2022-04-09 04:44:08,-17.8786,36.8883,73.35,88,{'all': 40},3.44
444,Vagamo,NO,2022-04-09 04:44:09,61.8751,9.0967,23.85,88,{'all': 99},10.18
445,Vredendal,ZA,2022-04-09 04:42:48,-31.6683,18.5012,63.37,45,{'all': 0},14.67
446,Klaksvik,FO,2022-04-09 04:44:10,62.2266,-6.589,34.72,64,{'all': 100},20.45
447,Buchanan,LR,2022-04-09 04:44:10,5.8808,-10.0467,79.52,92,{'all': 100},5.12
448,Vostok,RU,2022-04-09 04:44:11,46.4856,135.8833,39.61,86,{'all': 89},5.97
449,Santa Maria,BR,2022-04-09 04:44:11,-29.6842,-53.8069,60.64,98,{'all': 4},4.59
450,Praya,CV,2022-04-09 04:44:12,14.9215,-23.5087,75.74,43,{'all': 0},16.11
451,San Juan,AR,2022-04-09 04:42:38,-31.5375,-68.5364,71.35,54,{'all': 0},4.14
452,Aykhal,RU,2022-04-09 04:44:12,66.0,111.5,21.52,82,{'all': 95},6.85
453,Pisco,PE,2022-04-09 04:44:13,-13.7,-76.2167,66.25,88,{'all': 0},6.91
454,Moyamba,SL,2022-04-09 04:44:13,8.1667,-12.4333,76.17,93,{'all': 35},2.59
455,Aklavik,CA,2022-04-09 04:44:14,68.2191,-135.0107,5.58,84,{'all': 98},23.15
456,Mandalgovi,MN,2022-04-09 04:44:14,45.7625,106.2708,64.02,19,{'all': 42},21.92
457,Opuwo,NA,2022-04-09 04:43:44,-18.0607,13.84,66.13,53,{'all': 0},1.86
458,Muros,ES,2022-04-09 04:44:15,42.7762,-9.0603,49.08,92,{'all': 98},5.95
459,Yerbogachen,RU,2022-04-09 04:44:15,61.2767,108.0108,28.98,91,{'all': 100},5.1
460,Mingyue,CN,2022-04-09 04:44:15,43.1069,128.9217,68.27,24,{'all': 8},12.97
461,Zemio,CF,2022-04-09 04:44:16,5.0314,25.1361,71.35,85,{'all': 71},3.4
462,Korla,CN,2022-04-09 04:45:17,41.7597,86.1469,78.28,11,{'all': 37},8.01
463,Angra Dos Reis,BR,2022-04-09 04:45:17,-23.0067,-44.3181,73.44,92,{'all': 99},0.63
464,Kapit,MY,2022-04-09 04:45:18,2.0167,112.9333,86.09,66,{'all': 92},5.19
465,Necochea,AR,2022-04-09 04:45:18,-38.5473,-58.7368,58.48,93,{'all': 6},8.46
466,Wolfville,CA,2022-04-09 04:45:19,45.0835,-64.3655,48.0,92,{'all': 100},10.0
467,Shimoda,JP,2022-04-09 04:45:20,34.6667,138.95,68.36,67,{'all': 0},14.52
468,Corn Island,NI,2022-04-09 04:45:20,12.1694,-83.0418,81.52,74,{'all': 60},18.21
469,Oussouye,SN,2022-04-09 04:45:20,12.485,-16.5469,70.36,75,{'all': 8},3.85
470,Sinegorye,RU,2022-04-09 04:45:00,62.0788,150.477,19.09,90,{'all': 99},7.34
471,Serebryanyy Bor,RU,2022-04-09 04:45:21,56.8,124.8,25.88,73,{'all': 100},4.65
472,Lusambo,CD,2022-04-09 04:45:22,-4.9667,23.45,68.47,98,{'all': 100},1.48
473,Placido De Castro,BR,2022-04-09 04:45:22,-10.3353,-67.1856,73.24,98,{'all': 99},1.77
474,Porto Santo,PT,2022-04-09 04:45:23,33.072,-16.3415,53.98,82,{'all': 20},3.44
475,Jumla,NP,2022-04-09 04:45:23,29.2747,82.1838,69.13,24,{'all': 0},7.29
476,Padang,ID,2022-04-09 04:43:29,-0.9492,100.3543,86.05,61,{'all': 97},5.84
477,Lethem,GY,2022-04-09 04:45:24,3.3803,-59.7968,75.65,87,{'all': 97},10.74
478,Lucelia,BR,2022-04-09 04:45:24,-21.7203,-51.0189,68.41,90,{'all': 96},4.29
479,Tadine,NC,2022-04-09 04:45:24,-21.55,167.8833,81.55,77,{'all': 61},10.49
480,Eyl,SO,2022-04-09 04:45:25,7.9803,49.8164,82.87,73,{'all': 96},7.94
481,Krasnoselkup,RU,2022-04-09 04:45:25,65.7,82.4667,6.06,88,{'all': 61},10.0
482,Misawa,JP,2022-04-09 04:45:26,40.6836,141.3597,69.76,19,{'all': 40},20.71
483,Viedma,AR,2022-04-09 04:45:26,-40.8135,-62.9967,56.68,96,{'all': 54},7.05
484,Brae,GB,2022-04-09 04:45:26,60.3964,-1.353,38.41,61,{'all': 98},27.31
485,Grand Gaube,MU,2022-04-09 04:45:27,-20.0064,57.6608,81.37,81,{'all': 44},8.01
486,George Town,MY,2022-04-09 04:45:11,5.4112,100.3354,85.98,75,{'all': 20},7.0
487,Port Macquarie,AU,2022-04-09 04:42:52,-31.4333,152.9167,72.9,80,{'all': 77},9.15
488,North Bend,US,2022-04-09 04:45:28,43.4065,-124.2243,48.85,92,{'all': 100},9.22
489,Pacifica,US,2022-04-09 04:45:28,37.6138,-122.4869,63.14,72,{'all': 0},25.32
490,Sahy,SK,2022-04-09 04:45:29,48.0741,18.9495,51.4,94,{'all': 100},8.46
491,Malindi,KE,2022-04-09 04:45:29,-3.2175,40.1191,82.56,74,{'all': 40},0.0
492,Mitu,CO,2022-04-09 04:45:29,1.1983,-70.1733,72.63,95,{'all': 56},1.41
493,Kapuskasing,CA,2022-04-09 04:42:16,49.4169,-82.4331,24.89,93,{'all': 100},9.22
494,Gazli,UZ,2022-04-09 04:45:30,40.1333,63.45,77.85,22,{'all': 45},8.5
495,Alice Springs,AU,2022-04-09 04:42:42,-23.7,133.8833,83.75,15,{'all': 0},5.75
496,Ugoofaaru,MV,2022-04-09 04:45:31,5.6667,73.0,84.56,67,{'all': 97},7.02
497,Herat,AF,2022-04-09 04:45:31,34.5,62.0,75.29,10,{'all': 66},5.68
498,Kargasok,RU,2022-04-09 04:45:32,59.0556,80.8572,21.96,85,{'all': 100},16.42
499,Sao Jose Da Coroa Grande,BR,2022-04-09 04:45:32,-8.8978,-35.1478,78.42,85,{'all': 43},2.77
500,San Patricio,US,2022-04-09 04:45:32,28.017,-97.5169,69.89,60,{'all': 0},7.52
501,Aurangabad,IN,2022-04-09 04:45:33,19.8833,75.3333,89.69,43,{'all': 2},2.3
502,Khasan,RU,2022-04-09 04:45:33,42.4308,130.6434,60.21,49,{'all': 33},7.72
503,Sheridan,US,2022-04-09 04:45:34,44.8333,-106.9173,58.91,32,{'all': 0},5.75
504,Eenhana,NA,2022-04-09 04:45:34,-17.4667,16.3333,65.12,74,{'all': 25},5.01
505,Vagur,FO,2022-04-09 04:45:35,61.4732,-6.8119,36.1,71,{'all': 100},16.22
506,Vilyuysk,RU,2022-04-09 04:45:35,63.7553,121.6247,28.98,85,{'all': 95},5.21
507,Flin Flon,CA,2022-04-09 04:46:35,54.7682,-101.865,32.14,77,{'all': 100},14.18
508,Lerwick,GB,2022-04-09 04:46:36,60.1545,-1.1494,37.4,63,{'all': 87},26.84
509,Kysyl-Syr,RU,2022-04-09 04:46:36,63.8986,122.7617,29.57,84,{'all': 97},4.76
510,Guerrero Negro,MX,2022-04-09 04:46:37,27.9769,-114.0611,67.21,57,{'all': 72},6.51
511,Marzuq,YE,2022-04-09 04:46:37,14.4,46.4667,75.83,16,{'all': 0},3.44
512,Jimo,CN,2022-04-09 04:46:38,36.3897,120.4622,71.38,46,{'all': 0},20.13
513,Bell Ville,AR,2022-04-09 04:46:38,-32.6259,-62.6887,64.22,93,{'all': 3},7.14
514,Sinop,TR,2022-04-09 04:46:38,41.7711,34.8709,49.48,76,{'all': 82},10.16
515,Cidreira,BR,2022-04-09 04:46:39,-30.1811,-50.2056,67.19,89,{'all': 100},12.75
516,Zhicheng,CN,2022-04-09 04:46:40,30.2956,111.5047,87.55,29,{'all': 76},5.48
517,Los Lunas,US,2022-04-09 04:46:40,34.8062,-106.7334,60.28,11,{'all': 0},8.48
518,Akdepe,TM,2022-04-09 04:46:40,42.0551,59.3788,64.49,31,{'all': 51},9.86
519,El Terrero,HN,2022-04-09 04:46:41,14.0667,-87.0667,67.05,82,{'all': 40},6.91
520,Tezu,IN,2022-04-09 04:46:41,27.9167,96.1667,75.67,65,{'all': 100},1.14
521,Axim,GH,2022-04-09 04:46:42,4.8699,-2.2405,80.65,85,{'all': 100},7.36
522,San Miguelito,PA,2022-04-09 04:46:42,9.0333,-79.5,79.79,88,{'all': 75},8.05
523,Pinheiro Machado,BR,2022-04-09 04:46:43,-31.5783,-53.3811,59.05,94,{'all': 0},4.21
524,Anadyr,RU,2022-04-09 04:46:43,64.75,177.4833,9.1,71,{'all': 75},4.47
525,Athabasca,CA,2022-04-09 04:46:44,54.7169,-113.2854,41.41,84,{'all': 89},6.24
526,Zhumadian,CN,2022-04-09 04:46:44,32.9794,114.0294,85.69,32,{'all': 58},12.06
527,Cervo,ES,2022-04-09 04:46:44,43.6702,-7.4101,51.96,87,{'all': 72},4.07
528,Tilichiki,RU,2022-04-09 04:46:45,60.4667,166.1,28.87,98,{'all': 100},5.64
529,Lubumbashi,CD,2022-04-09 04:44:48,-11.6609,27.4794,62.28,99,{'all': 100},6.78
530,Coahuayana,MX,2022-04-09 04:46:45,18.7333,-103.6833,70.12,86,{'all': 29},2.77
531,Shipitsyno,RU,2022-04-09 04:46:46,61.2806,46.5208,38.32,100,{'all': 100},11.07
532,Antsohihy,MG,2022-04-09 04:46:46,-14.8796,47.9875,78.33,84,{'all': 75},4.76
533,Robertsport,LR,2022-04-09 04:46:47,6.7533,-11.3686,80.55,89,{'all': 80},4.38
534,San Felipe,VE,2022-04-09 04:46:47,10.3399,-68.7425,72.91,88,{'all': 98},6.42
535,Upernavik,GL,2022-04-09 04:46:47,72.7868,-56.1549,7.2,96,{'all': 100},6.53
536,Kamina,CD,2022-04-09 04:46:48,-8.7386,24.9906,63.72,95,{'all': 21},2.33
537,Soe,ID,2022-04-09 04:46:48,-9.8607,124.284,82.02,45,{'all': 56},7.38
538,Vao,NC,2022-04-09 04:46:49,-22.6667,167.4833,77.5,86,{'all': 34},22.53
539,Kayiry,UA,2022-04-09 04:46:49,46.9454,33.7059,48.85,72,{'all': 61},13.15
540,Lasa,IT,2022-04-09 04:46:49,46.6166,10.7002,49.08,91,{'all': 75},7.27
541,Roebourne,AU,2022-04-09 04:46:50,-20.7833,117.1333,97.66,25,{'all': 15},10.31
542,Touros,BR,2022-04-09 04:46:50,-5.1989,-35.4608,78.55,86,{'all': 92},11.54
543,Balvi,LV,2022-04-09 04:46:51,57.1313,27.2658,35.31,82,{'all': 22},10.51
544,Semirom,IR,2022-04-09 04:46:51,31.4167,51.5667,58.03,26,{'all': 100},2.53
545,Havelock,US,2022-04-09 04:46:52,34.8791,-76.9013,62.55,60,{'all': 0},8.05
546,Plettenberg Bay,ZA,2022-04-09 04:46:52,-34.0527,23.3716,56.25,82,{'all': 8},9.24
